category,name,file
about_us,fusoku_icon.jpg,fusoku_icon.jpg
about_us,history_icon.jpg,history_icon.jpg
about_us,kaisoku_icon.jpg,kaisoku_icon.jpg
about_us,meibo_icon.jpg,meibo_icon.jpg
anniv_mag,anniv_mag_icon.jpg,anniv_mag_icon.jpg
anniv_mag,AC_060.jpg,AC_060.jpg
anniv_mag,AC_070.jpg,AC_070.jpg
anniv_mag,AC_080.jpg,AC_080.jpg
anniv_mag,AC_090.jpg,AC_090.jpg
anniv_mag,AI_060.jpg,AI_060.jpg
anniv_mag,AI_070.jpg,AI_070.jpg
anniv_mag,AI_080.jpg,AI_080.jpg
anniv_mag,AI_090.jpg,AI_090.jpg
anniv_mag,AN_090.pdf,AN_090.pdf
magazine,WC_001.jpg,WC_001.jpg
magazine,WC_002.jpg,WC_002.jpg
magazine,WC_003.jpg,WC_003.jpg
magazine,WC_004.jpg,WC_004.jpg
magazine,WC_005.jpg,WC_005.jpg
magazine,WC_006.jpg,WC_006.jpg
magazine,WC_007.jpg,WC_007.jpg
magazine,WC_008.jpg,WC_008.jpg
magazine,WC_009.jpg,WC_009.jpg
magazine,WC_010.jpg,WC_010.jpg
magazine,WC_011.jpg,WC_011.jpg
magazine,WC_012.jpg,WC_012.jpg
magazine,WC_013.jpg,WC_013.jpg
magazine,WC_014.jpg,WC_014.jpg
magazine,WC_015.jpg,WC_015.jpg
magazine,WC_016.jpg,WC_016.jpg
magazine,WC_017.jpg,WC_017.jpg
magazine,WC_018.jpg,WC_018.jpg
magazine,WC_019.jpg,WC_019.jpg
magazine,WC_020.jpg,WC_020.jpg
magazine,WC_021.jpg,WC_021.jpg
magazine,WC_022.jpg,WC_022.jpg
magazine,WC_023.jpg,WC_023.jpg
magazine,WC_024.jpg,WC_024.jpg
magazine,WC_025.jpg,WC_025.jpg
magazine,WC_026.jpg,WC_026.jpg
magazine,WC_027.jpg,WC_027.jpg
magazine,WC_028.jpg,WC_028.jpg
magazine,WC_029.jpg,WC_029.jpg
magazine,WC_030.jpg,WC_030.jpg
magazine,WC_031.jpg,WC_031.jpg
magazine,WC_032.jpg,WC_032.jpg
magazine,WC_033.jpg,WC_033.jpg
magazine,WC_034.jpg,WC_034.jpg
magazine,WC_035.jpg,WC_035.jpg
magazine,WC_036.jpg,WC_036.jpg
magazine,WC_037.jpg,WC_037.jpg
magazine,WC_038.jpg,WC_038.jpg
magazine,WC_039.jpg,WC_039.jpg
magazine,WC_040.jpg,WC_040.jpg
magazine,WC_S01.jpg,WC_S01.jpg
magazine,WI_001_1.jpg,WI_001_1.jpg
magazine,WI_001_2.jpg,WI_001_2.jpg
magazine,WI_001_3.jpg,WI_001_3.jpg
magazine,WI_001_4.jpg,WI_001_4.jpg
magazine,WI_002_1.jpg,WI_002_1.jpg
magazine,WI_002_2.jpg,WI_002_2.jpg
magazine,WI_002_3.jpg,WI_002_3.jpg
magazine,WI_003_1.jpg,WI_003_1.jpg
magazine,WI_003_2.jpg,WI_003_2.jpg
magazine,WI_003_3.jpg,WI_003_3.jpg
magazine,WI_004_1.jpg,WI_004_1.jpg
magazine,WI_004_2.jpg,WI_004_2.jpg
magazine,WI_005_1.jpg,WI_005_1.jpg
magazine,WI_005_2.jpg,WI_005_2.jpg
magazine,WI_005_3.jpg,WI_005_3.jpg
magazine,WI_006_1.jpg,WI_006_1.jpg
magazine,WI_006_2.jpg,WI_006_2.jpg
magazine,WI_007_1.jpg,WI_007_1.jpg
magazine,WI_007_2.jpg,WI_007_2.jpg
magazine,WI_008_1.jpg,WI_008_1.jpg
magazine,WI_008_2.jpg,WI_008_2.jpg
magazine,WI_009.jpg,WI_009.jpg
magazine,WI_010.jpg,WI_010.jpg
magazine,WI_011.jpg,WI_011.jpg
magazine,WI_012.jpg,WI_012.jpg
magazine,WI_013.jpg,WI_013.jpg
magazine,WI_014.jpg,WI_014.jpg
magazine,WI_015.jpg,WI_015.jpg
magazine,WI_016.jpg,WI_016.jpg
magazine,WI_017.jpg,WI_017.jpg
magazine,WI_018.jpg,WI_018.jpg
magazine,WI_019.jpg,WI_019.jpg
magazine,WI_020.jpg,WI_020.jpg
magazine,WI_022.jpg,WI_022.jpg
magazine,WI_026.jpg,WI_026.jpg
magazine,WI_032.jpg,WI_032.jpg
magazine,WI_035_1.jpg,WI_035_1.jpg
magazine,WI_035_2.jpg,WI_035_2.jpg
magazine,WI_039_1.jpg,WI_039_1.jpg
magazine,WI_039_2.jpg,WI_039_2.jpg
magazine,WI_S01_1.jpg,WI_S01_1.jpg
magazine,WI_S01_2.jpg,WI_S01_2.jpg
magazine,magazine_icon.jpg,magazine_icon.jpg
magazine,WA_001.pdf,WA_001.pdf
magazine,WA_002.pdf,WA_002.pdf
magazine,WA_005.pdf,WA_005.pdf
magazine,WA_036.pdf,WA_036.pdf
magazine,WA_037.pdf,WA_037.pdf
magazine,WA_038.pdf,WA_038.pdf
magazine,WA_039.pdf,WA_039.pdf
magazine,WA_040.pdf,WA_040.pdf
photo_album#photo_album,gallery_01_icon.jpg,gallery_01_icon.jpg
photo_album#gallery_01,IMG_0719.JPG,IMG_0719.JPG
photo_album#gallery_01,IMG_0720.JPG,IMG_0720.JPG
photo_album#gallery_01,IMG_0723.JPG,IMG_0723.JPG
photo_album#gallery_01,IMG_0724.JPG,IMG_0724.JPG
photo_album#gallery_01,IMG_0725.JPG,IMG_0725.JPG
photo_album#gallery_01,IMG_0728.JPG,IMG_0728.JPG
photo_album#gallery_01,IMG_0730.JPG,IMG_0730.JPG
photo_album#gallery_01,IMG_0731.JPG,IMG_0731.JPG
photo_album#gallery_01,IMG_0735.JPG,IMG_0735.JPG
photo_album#gallery_01,P1040327.JPG,P1040327.JPG
photo_album#gallery_01,P1040328.JPG,P1040328.JPG
photo_album#gallery_01,P1040330.JPG,P1040330.JPG
photo_album#gallery_01,P1040332.JPG,P1040332.JPG
photo_album#gallery_01,P1040333.JPG,P1040333.JPG
photo_album#gallery_01,P1040334.JPG,P1040334.JPG
photo_album#gallery_01,P1040337.JPG,P1040337.JPG
photo_album#gallery_01,P1040343.JPG,P1040343.JPG
photo_album#gallery_01,P1040347.JPG,P1040347.JPG
photo_album#gallery_01,P1040351.JPG,P1040351.JPG
photo_album#gallery_01,P1040352.JPG,P1040352.JPG
photo_album#gallery_01,P1040359.JPG,P1040359.JPG
photo_album#photo_album,gallery_02_icon.jpg,gallery_02_icon.jpg
photo_album#gallery_02,IMG_0784.JPG,IMG_0784.JPG
photo_album#gallery_02,IMG_0801.JPG,IMG_0801.JPG
photo_album#gallery_02,IMG_0803.JPG,IMG_0803.JPG
photo_album#gallery_03,P1040804.JPG,P1040804.JPG
photo_album#gallery_03,P1040807.JPG,P1040807.JPG
photo_album#gallery_03,P1040810.JPG,P1040810.JPG
photo_album#gallery_04,2011nyuugaku1.jpg,2011nyuugaku1.jpg
photo_album#gallery_04,2011nyuugaku2.jpg,2011nyuugaku2.jpg
photo_album#gallery_04,2011nyuugaku3.jpg,2011nyuugaku3.jpg
photo_album#gallery_04,2011nyuugaku4.jpg,2011nyuugaku4.jpg
photo_album#gallery_05,20110607A.jpg,20110607A.jpg
photo_album#gallery_05,20110607B.jpg,20110607B.jpg
photo_album#gallery_05,20110607C.jpg,20110607C.jpg
photo_album#gallery_05,20110607D.jpg,20110607D.jpg
photo_album#gallery_05,20110607E.jpg,20110607E.jpg
photo_album#gallery_05,20110607F.jpg,20110607F.jpg
photo_album#gallery_05,20110607G.jpg,20110607G.jpg
photo_album#gallery_05,20110607H.jpg,20110607H.jpg
photo_album#gallery_05,20110607I.jpg,20110607I.jpg
photo_album#gallery_05,20110607J.jpg,20110607J.jpg
photo_album#gallery_05,20110607K.jpg,20110607K.jpg
photo_album#gallery_05,20110607L.jpg,20110607L.jpg
photo_album#gallery_05,20110607M.jpg,20110607M.jpg
photo_album#gallery_06,20110730_1.jpg,20110730_1.jpg
photo_album#gallery_06,20110730_2.jpg,20110730_2.jpg
photo_album#gallery_07,20110730_3.jpg,20110730_3.jpg
photo_album#gallery_07,20110730_4.jpg,20110730_4.jpg
photo_album#gallery_07,20110730_5.jpg,20110730_5.jpg
photo_album#gallery_08,20110925_1.jpg,20110925_1.jpg
photo_album#gallery_08,20110925_2.jpg,20110925_2.jpg
photo_album#gallery_08,20110925_3.jpg,20110925_3.jpg
photo_album#gallery_08,20110925_4.jpg,20110925_4.jpg
photo_album#gallery_08,20110925_5.jpg,20110925_5.jpg
photo_album#gallery_09,P1050755.jpg,P1050755.jpg
photo_album#gallery_09,P1050756.jpg,P1050756.jpg
photo_album#gallery_09,P1050757.jpg,P1050757.jpg
photo_album#gallery_09,P1050758.jpg,P1050758.jpg
photo_album#gallery_10,20120216a.jpg,20120216a.jpg
photo_album#gallery_10,20120216b.jpg,20120216b.jpg
photo_album#gallery_10,20120216c.jpg,20120216c.jpg
photo_album#gallery_10,20120216d.jpg,20120216d.jpg
photo_album#gallery_10,20120216e.jpg,20120216e.jpg
photo_album#gallery_10,20120216f.jpg,20120216f.jpg
photo_album#gallery_11,20120307a.jpg,20120307a.jpg
photo_album#gallery_11,20120307b.jpg,20120307b.jpg
photo_album#gallery_11,20120307c.jpg,20120307c.jpg
photo_album#gallery_11,20120307d.jpg,20120307d.jpg
photo_album#gallery_11,20120307e.jpg,20120307e.jpg
photo_album#gallery_12,20120407a.jpg,20120407a.jpg
photo_album#gallery_12,20120407b.jpg,20120407b.jpg
photo_album#gallery_12,20120407c.jpg,20120407c.jpg
photo_album#gallery_13,P1020968.jpg,P1020968.jpg
photo_album#gallery_13,P1040088.jpg,P1040088.jpg
photo_album#gallery_14,20120903a.jpg,20120903a.jpg
photo_album#gallery_14,20120903b.jpg,20120903b.jpg
photo_album#gallery_15,20120908a.jpg,20120908a.jpg
photo_album#gallery_15,20120908b.jpg,20120908b.jpg
photo_album#gallery_15,20120908c.jpg,20120908c.jpg
photo_album#gallery_15,20120908d.jpg,20120908d.jpg
photo_album#gallery_16,20120925a.jpg,20120925a.jpg
photo_album#gallery_16,20120925b.jpg,20120925b.jpg
photo_album#gallery_16,20120925c.jpg,20120925c.jpg
photo_album#gallery_17,20130307a.jpg,20130307a.jpg
photo_album#gallery_17,20130307b.jpg,20130307b.jpg
photo_album#gallery_17,20130307c.jpg,20130307c.jpg
photo_album#gallery_18,20130322a.jpg,20130322a.jpg
photo_album#gallery_18,20130322b.jpg,20130322b.jpg
photo_album#gallery_18,20130322c.jpg,20130322c.jpg
photo_album#gallery_19,20130604a.jpg,20130604a.jpg
photo_album#gallery_19,20130604b.jpg,20130604b.jpg
photo_album#gallery_19,20130604c.jpg,20130604c.jpg
photo_album#gallery_19,20130604d.jpg,20130604d.jpg
photo_album#gallery_19,20130604e.jpg,20130604e.jpg
photo_album#gallery_19,20130604f.jpg,20130604f.jpg
photo_album#gallery_20,20130409a.jpg,20130409a.jpg
photo_album#gallery_20,20130409b.jpg,20130409b.jpg
photo_album#gallery_20,20130409c.jpg,20130409c.jpg
photo_album#gallery_21,20130814a.jpg,20130814a.jpg
photo_album#gallery_21,20130814b.jpg,20130814b.jpg
photo_album#gallery_22,20130914a.jpg,20130914a.jpg
photo_album#gallery_22,20130914b.jpg,20130914b.jpg
photo_album#gallery_22,20130914c.jpg,20130914c.jpg
photo_album#gallery_22,20130914d.jpg,20130914d.jpg
photo_album#archive,photo_album_icon.jpg,photo_album_icon.jpg
song,lyrics_daigo.jpg,lyrics_daigo.jpg
song,lyrics_fuji.jpg,lyrics_fuji.jpg
song,score_daigo.jpg,score_daigo.jpg
song,score_fuji.jpg,score_fuji.jpg
song,song_icon.jpg,song_icon.jpg
song,song_page.jpg,song_page.jpg
greeting,greeting.jpg,greeting.jpg
info,20121013profile.pdf,20121013profile.pdf
info,data_10.jpg,10.jpg
info,data_11.jpg,11.jpg
info,data_14.jpg,14.jpg
info,data_16.jpg,16.jpg
info,data_18.jpg,18.jpg
info,data_19.jpg,19.jpg
info,data_20.jpg,20.jpg
info,data_21.jpg,21.jpg
info,data_23.jpg,23.jpg
info,data_25.jpg,25.jpg
info,data_26.jpg,26.jpg
info,data_30.jpg,30.jpg
info,data_31.jpg,31.jpg
info,data_34.jpg,34.jpg
info,data_35.jpg,35.jpg
info,data_36.jpg,36.jpg
info,data_37.jpg,37.jpg
info,data_38.jpg,38.jpg
info,data_41.jpg,41.jpg
link,banner_aoi-save.jpg,banner_aoi-save.jpg
link,banner_FAC.jpg,banner_FAC.jpg
link,banner_fuji-j.jpg,banner_fuji-j.jpg
others,junbi.jpg,junbi.jpg
root,adpic_01.jpg,adpic_01.jpg
root,20131126.jpg,20131126.jpg
root,20140329a.jpg,20140329a.jpg
root,okera45.jpg,okera45.jpg
root,M_A01.jpg,M_A01.jpg
root,M_F01.jpg,M_F01.jpg
root,M_S01.jpg,M_S01.jpg
root,SM_00B.jpg,SM_00B.jpg
root,SM_01B.jpg,SM_01B.jpg
root,SM_02B.jpg,SM_02B.jpg
